id,prediction
0,0.0
1,0.6010003505535448
2,1.2014195122432032
3,89.49126720171884
4,413.0595426206471
5,987.6041941284985
6,2014.0845316428563
7,3051.0125223430073
8,2838.7910971351575
9,2678.820846796348
10,2474.2249617551847
11,2757.6582216743222
12,2911.041601970626
13,2754.2009970215236
14,2461.386986448968
15,1868.8717591826814
16,1168.3629985852688
17,543.2275461838755
18,222.7303225980227
19,18.62003034378688
20,0.0
21,0.0
22,0.0
23,0.6010003505535448
24,1.3263378544302518
25,0.6008156049350393
26,0.023056538696002882
27,186.5490343319255
28,643.223095112436
29,1237.181524738813
30,2107.0681018286414
31,2740.17897280869
32,3538.4942486847253
33,3956.45258234042
34,4185.090003080242
35,4371.471793783606
36,3934.3450603675865
37,3612.3286805886755
38,3009.34801924152
39,2368.942337387966
40,1504.918699173133
41,689.0879111077463
42,303.69318733707917
43,74.22599917703684
44,4.881690447709609
45,0.6010003505535448
46,0.0
47,0.6010003505535448
48,3.0569095073667563
49,2.5334142285744985
50,14.273390041164834
51,259.4652096481462
52,630.686549477596
53,1362.4170604461995
54,2561.48732534078
55,3647.444008394871
56,4397.306312568783
57,4663.88811928609
58,4589.928949350681
59,4531.4605553674255
60,3943.582635765578
61,3853.4389445383867
62,2943.6818424892417
63,2221.9384682562113
64,1310.5526743626676
65,719.7135388073578
66,391.750727472738
67,109.81387038222601
68,5.423877728320923
69,0.8471804706109499
70,0.6010003505535448
71,0.8471804706109499
72,0.6010003505535448
73,2.0040825941140246
74,1.5418536021473794
75,188.78535536410527
76,538.493565997924
77,1256.9272525194751
78,2327.280028920523
79,3200.793569786216
80,3553.3570059875183
81,3550.190377313652
82,3548.256629827534
83,4040.813164554329
84,4009.842102796785
85,3544.3297917876753
86,3072.2683654993816
87,2300.0838897624308
88,1366.541785863277
89,682.092956914991
90,328.94339255116904
91,104.68835196583835
92,3.295915992203511
93,0.3931060091382238
94,1.1281543386390436
95,0.6010003505535448
96,2.2223084769101167
97,1.251839844778236
98,42.17073890254786
99,245.65333899695977
100,598.5303664455172
101,1354.8349281366864
102,2449.441730289718
103,3417.160176392424
104,4372.541401752914
105,4813.334439908748
106,5017.1740498634
107,4929.315953249247
108,4657.830821657567
109,4222.801581696248
110,3683.6409389300766
111,2855.088173833668
112,2004.7536482206342
113,1063.2744298064379
114,412.22662540239105
115,154.48268151597313
116,10.0359644445628
117,2.7704521626111083
118,2.7704521626111083
119,2.7704521626111083
120,2.7704521626111083
121,2.192693096372071
122,69.12612816130358
123,339.85451735108734
124,827.3562797991957
125,1684.336203050703
126,2823.9455199328436
127,3626.807988485636
128,4075.636396899321
129,4385.430085456627
130,4617.507022488941
131,4439.046726425825
132,4198.070891724404
133,3918.7504782234387
134,3409.732438252774
135,2621.4390606068455
136,1691.5051955402878
137,946.9753064345473
138,442.51512115649643
139,180.67573936126468
140,14.270505877165613
141,2.119612668386417
142,2.119612668386417
143,2.119612668386417
144,1.9043773186326745
145,1.3266182523936376
146,68.26005331732514
147,347.90774631174304
148,814.3382483063864
149,1636.4041264544314
150,2766.502888563836
151,3796.351331276576
152,4461.6963113354805
153,4724.943625575017
154,4747.531356340018
155,4560.558097475319
156,4120.018942375777
157,3251.449213868833
158,2436.1375361911955
159,1860.9903456946606
160,1246.6458942648508
161,665.6411577492602
162,378.73144075212576
163,149.44619167251747
164,4.108095239486584
165,0.0
166,0.0
167,0.0
168,0.0
169,0.0
170,0.0
171,59.16252422404938
172,131.34809565238797
173,145.52469453665114
174,180.1431921914581
175,307.55922906197856
176,288.55068811559806
177,354.1615025071216
178,406.15862830768134
179,761.5231761701608
180,1160.7612640049579
181,1318.3353867475846
182,1419.2506375798464
183,1386.5049570807341
184,904.3679369935032
185,636.8409275727162
186,397.2332482873688
187,140.30621149736632
188,5.397584616506064
189,1.1281543386390436
190,1.1281543386390436
191,0.0
192,0.0
193,0.0
194,39.86495820120038
195,152.74785055534755
196,316.3841142613538
197,590.3217255368664
198,1142.162136843412
199,1916.2168454054731
200,2184.2310747430492
201,2162.66812771685
202,2470.3625841570934
203,2489.8318161605907
204,2559.342823789041
205,2845.2941542762405
206,2071.6788322823186
207,1153.1170926569996
208,588.1241543783966
209,378.3876059151346
210,186.92175419008908
211,32.70464480165154
212,2.5001628317170494
213,0.0
214,0.0
215,2.1466407157745904
216,1.8852073123810624
217,1.3205580332610403
218,0.0
219,72.11917154233818
220,152.17338880131157
221,294.3917136603164
222,494.762983632872
223,711.0613520717404
224,974.8087386477097
225,1119.2110443896543
226,1096.3584922148855
227,1208.5080294893328
228,932.1096180330384
229,884.7835945696031
230,841.4843706400162
231,735.3477152319009
232,484.7007279463569
233,276.73932668869554
234,123.95452273944528
235,56.31598312556681
236,3.6787829119693267
237,1.9542370211525941
238,1.6928036177590655
239,1.1281543386390436
240,1.6928036177590655
241,1.1281543386390436
242,0.6010003505535448
243,84.46334915667201
244,222.06324991134403
245,527.5542352577731
246,1204.6239527080393
247,1543.9297788867136
248,1974.8495661688123
249,1661.4674119319673
250,1668.6561695948906
251,1517.591223604549
252,1603.454288631977
253,1920.5339094928174
254,2026.6122795177591
255,2160.7784397973282
256,1429.643606433005
257,777.6183927849572
258,437.06449313171896
259,178.3258583167937
260,24.84670605703819
261,0.0
262,0.0
263,0.0
264,1.1281543386390436
265,1.1281543386390436
266,46.416110886861574
267,139.17640227128635
268,335.12788188635443
269,650.4934241085748
270,1155.1814525045545
271,1611.7961296438666
272,2036.0992373181862
273,2268.161118160806
274,2439.1523743938565
275,2482.4558082925905
276,2162.1768661256892
277,2088.670204751709
278,1766.5297006716487
279,1256.3805942434517
280,798.3753666125538
281,515.0602662991847
282,193.29470534280605
283,36.266307488587564
284,1.7435517102986144
285,0.3931060091382238
286,0.0
287,1.571284237066919
288,1.571284237066919
289,1.5419558988271251
290,79.68983702781016
291,215.9627303869866
292,439.16460649223893
293,759.6796184263579
294,1107.1857830792162
295,1632.56918849235
296,2313.1801767309526
297,2612.8237889955985
298,2476.7401462902367
299,2518.4426594575793
300,2516.21441219114
301,2161.972803366144
302,1921.7718056138265
303,1506.7437692677345
304,960.0070763697878
305,575.7619360570826
306,305.3647592303778
307,125.12406866653438
308,18.92310380535496
309,0.5146253898303703
310,0.5146253898303703
311,1.6928036177590655
312,0.5146253898303703
313,0.0
314,63.8794256211348
315,227.65004553372293
316,530.9686150102027
317,934.042075170502
318,1455.2989919007546
319,2106.573030910864
320,2579.8417393281534
321,2830.291678781926
322,2848.5973214438854
323,2674.473787113627
324,2210.40181089724
325,1625.5254284901612
326,1271.4148085017462
327,824.7329535210478
328,564.3243330234428
329,307.3971385659854
330,144.17719196958447
331,50.475627464337364
332,3.22311112425562
333,1.4295355246673525
334,0.0
335,0.0
336,1.1281543386390436
337,0.0
338,0.0
339,75.52029332275613
340,244.84527972929436
341,427.99701818553916
342,570.4997207386883
343,685.5445146929133
344,1086.677424494306
345,1269.9290673885887
346,1462.1973638313505
347,1602.1862964628654
348,1705.3171403086951
349,1610.7467555637465
350,1524.244393843905
351,1045.157681448693
352,709.6989562981124
353,499.23126059143317
354,255.55869249178133
355,97.99830696942186
356,6.445260556748338
357,1.1281543386390436
358,1.571284237066919
359,1.571284237066919
360,1.1281543386390436
361,1.571284237066919
362,31.692315968947735
363,128.3498944377648
364,271.25166552111597
365,448.24373871119286
366,686.4272620826519
367,992.1635574521322
368,1333.1390095118832
369,1824.223321418512
370,1886.1292290477081
371,1946.723910400337
372,1942.4109355312648
373,1726.6451957352233
374,1557.835673015001
375,1314.2904162649586
376,833.4958071941378
377,585.8601136594576
378,275.6973846384085
379,104.85855547089399
380,6.002130658320463
381,0.0
382,0.0
383,0.0
384,0.0
385,0.3931060091382238
386,0.3931060091382238
387,87.37918444775016
388,180.37606896930222
389,341.8999596292915
390,499.59505437043794
391,695.0248861894191
392,956.0734717847968
393,1185.7941665622945
394,1327.0130074504243
395,1520.8014228013635
396,1617.9304553825393
397,1678.5572412488543
398,1688.4590045264122
399,1675.6983871578498
400,1506.1495987818546
401,859.8537184369234
402,547.8896680318018
403,247.4658740342073
404,39.515971177409504
405,2.9217299382273105
406,0.0
407,0.0
408,1.7939299594480458
409,2.0210109859666816
410,157.586755409942
411,463.9819359269526
412,1040.2333180758033
413,1971.7043016581317
414,3003.3804859526304
415,3938.75082180048
416,4674.476476697278
417,4912.2745821387925
418,4972.263270477304
419,4828.861667721001
420,4579.9213884746105
421,4037.441431840338
422,3636.694609370301
423,2896.2925663064016
424,2200.9959176303832
425,1219.2740308452733
426,546.0018248624601
427,285.74441539249904
428,72.16787350702565
429,3.1169598914903953
430,1.251839844778236
431,0.8341385863312656
432,0.38310240096922277
433,0.0
434,149.83362319906857
435,357.79103769138084
436,813.7203368791851
437,1547.1656763278434
438,2556.1480266810518
439,3625.808417406449
440,4086.832797447908
441,4035.3350908058515
442,3443.7507558363864
443,2965.63843375957
444,2342.5127670768657
445,2276.1316429289705
446,2096.183033557564
447,1654.752527470902
448,916.1549956459586
449,632.0629612207862
450,398.4660012773676
451,159.22228230861379
452,30.976170276629702
453,1.0672179611115977
454,0.2594168948300304
455,0.0
456,0.0
457,0.0
458,82.07769676427397
459,186.09240130474566
460,462.74175749303566
461,1091.686488424254
462,2038.2135736578382
463,3014.662971305745
464,3877.8863601124162
465,4671.742222283277
466,4764.783947961835
467,4737.253576148882
468,4583.2659656734995
469,4320.114325195809
470,3739.695955705687
471,3017.954653852064
472,2181.7972008075553
473,1227.2951909258231
474,591.1152159451374
475,286.8887127631098
476,89.388039271064
477,5.1372203216912355
478,1.7300326083967053
479,1.992417159796586
480,1.992417159796586
481,12.790284485685417
482,163.49658045486424
483,448.5312545870571
484,998.7541052738925
485,2010.0795750066125
486,2949.87992728199
487,3939.506059130175
488,4713.301461593023
489,5011.233134905426
490,4963.6123164388655
491,4858.963566329005
492,4546.388637484489
493,4196.232496876636
494,3623.5770621271377
495,2830.7778261459252
496,2073.6517362830373
497,1182.7255033640772
498,529.360689927237
499,283.6930290541662
500,88.11560707328854
501,3.927720854766278
502,1.2508752245774029
503,1.2508752245774029
504,0.6922152518771354
505,1.4102984017036497
506,208.5239042255642
507,545.6107967368634
508,1185.504142796562
509,2085.7764178796683
510,2874.5123645975023
511,3621.736092991484
512,4226.351339684646
513,4556.574611346796
514,4441.539374214118
515,4086.906000617543
516,3540.694952924328
517,3077.5325429537447
518,2362.7499491904023
519,2100.6197059672613
520,1380.6909915322074
521,756.6343318933308
522,529.1304774840385
523,262.0906048311701
524,82.48241839348741
525,0.0
526,0.0
527,0.0
528,0.0
529,0.6209579337608705
530,49.81364379511717
531,148.14759235552722
532,352.566220501552
533,634.9490948038971
534,884.732038347443
535,1309.8527987427083
536,1671.6656796766163
537,2052.3320842499375
538,2784.3449275283037
539,3494.8620447437925
540,3877.5002791675715
541,3798.482129038473
542,3536.077820474745
543,2895.7693018148457
544,2072.745224449433
545,1213.2477518954543
546,563.2833118322465
547,282.2599033873728
548,84.11100956021248
549,0.0
550,0.0
551,0.0
552,0.0
553,0.0
554,31.162280647360046
555,108.76848543883914
556,157.4519477292942
557,293.4930236759303
558,582.5976232836155
559,806.0338404625442
560,912.8478253022146
561,894.7456540417597
562,981.7746304924912
563,1240.2769879768011
564,1473.5887051451734
565,1979.7358714065494
566,2325.764559368866
567,2165.6566639731714
568,1648.4699228269428
569,933.0556072973563
570,558.8765580801507
571,243.2671364955349
572,55.15533037698441
573,1.9875655920065551
574,0.4206280150237063
575,0.0
576,1.2508752245774029
577,13.216449788183217
578,159.28604404813487
579,503.9592030364644
580,1159.3941680416006
581,1979.7404557881532
582,2908.52435932057
583,3729.8962417258726
584,4177.576967783321
585,4427.717946582117
586,4625.493802900906
587,4535.767985084827
588,3992.6187791731227
589,3588.9653752619683
590,3306.497111932398
591,2744.719041434806
592,2048.6884567306856
593,1199.8193321726446
594,593.2369473605962
595,328.85294772522366
596,83.3760670319217
597,0.0
598,0.06822633005350917
599,1.2508752245774029
600,0.6922152518771354
601,0.673116158338366
602,183.86481861574129
603,403.9237853260075
604,947.4693320190303
605,1903.8496310731416
606,2855.7312515611484
607,3750.0873665209488
608,4285.5722811943815
609,4535.239546901525
610,4622.460386210234
611,4800.973947974443
612,4505.2777045768
613,3950.1288801959568
614,3272.4876399622435
615,2447.003249149945
616,1644.0671543137653
617,967.4870413573827
618,547.7143605111825
619,270.0613500098805
620,97.13050929492981
621,0.0
622,0.0
623,0.0
624,0.0
625,0.0
626,148.54652691489542
627,331.8445122940553
628,583.0937303110085
629,682.5899826217454
630,968.4253792349976
631,1262.878865082758
632,1526.4561909071383
633,1632.3533227677372
634,1480.6929920191394
635,1324.3446014305925
636,1217.0430498796397
637,1275.7880347621376
638,1034.9164393715819
639,830.7459405163534
640,635.4812703974657
641,429.11327787555456
642,199.4657600302795
643,97.1831061648812
644,12.534794823509825
645,0.0
646,0.0
647,0.0
648,0.0
649,0.0
650,29.117031401155735
651,119.11931972693935
652,178.63845028007043
653,341.37468226045365
654,526.7468478634116
655,593.579949709565
656,601.937871551967
657,665.3811293001097
658,724.3479163106539
659,848.2103418201456
660,951.0580255938196
661,831.7552873430047
662,874.2872406774375
663,745.132628788393
664,604.3081518886542
665,444.2792749889898
666,250.15357278094618
667,91.15829575190509
668,9.045187724113552
669,1.353571033101103
670,1.353571033101103
671,0.0
672,2.2665522169531522
673,6.1164894906888305
674,135.89607109333681
675,381.2003941528574
676,908.0587323545573
677,1596.2973647932936
678,2672.735147682811
679,3447.567383638748
680,4213.338100489938
681,4503.003274076766
682,4724.2880853514425
683,4672.451765654661
684,4099.5065960412685
685,3354.4565705686773
686,2945.6199949283446
687,2224.1375910683714
688,1563.9977303015178
689,908.2589910523128
690,545.8177306716061
691,244.1542231581458
692,65.54939260339309
693,0.0
694,0.0
695,0.6297534438032553
696,0.6297534438032553
697,0.4373497491812589
698,87.30701556335032
699,220.2936174785683
700,449.7242848005023
701,657.8948428216892
702,1040.053361424385
703,1822.2389963647677
704,2742.9416405596976
705,3268.8924699369454
706,2980.1688720840175
707,3127.458389355482
708,2752.78633601898
709,2011.4893052914147
710,1721.0835324138998
711,1381.4363513793485
712,974.1955531013776
713,679.3272728762703
714,439.4654244400492
715,211.34477752330943
716,37.148286679135154
717,2.2991726144757023
718,0.2594168948300304
719,0.7819705628813167
720,0.3033472511423826
721,0.3795738245030878
722,0.9243495322422687
723,10.986043787085295
724,58.14542690474132
725,156.63197067214057
726,376.01573152401215
727,482.332972552449
728,562.5633538131553
729,466.1123046340303
730,561.9999406979789
731,527.975408300157
732,511.99092214713414
733,465.6435025735045
734,375.1232041649831
735,266.3343894244924
736,147.7787270433125
737,82.74923147243376
738,39.71832492752856
739,8.06641643018393
740,1.1288753173713277
741,0.3033472511423826
742,0.26985610995187
743,0.3033472511423826
744,0.2004368678307354
745,0.2004368678307354
746,3.7301879981444475
747,22.08401390508499
748,81.64417197959621
749,185.44609511790298
750,332.61263170004196
751,432.22794448536746
752,582.7283811806449
753,736.3780521157925
754,801.1615278507361
755,775.0827990956159
756,830.2657436850087
757,724.9052475900226
758,585.0740212668928
759,465.68591973430176
760,274.0357961469821
761,137.74360098055865
762,59.702798110371475
763,12.085901410330315
764,1.579310570150193
765,0.6690077033858733
766,0.27666344119144065
767,0.27666344119144065
768,0.821097169932158
769,0.8214391489306215
770,3.5851408167002137
771,24.179220250539036
772,97.08440772099112
773,255.03787799480904
774,452.2978085598311
775,626.4027846225353
776,768.8676781271132
777,888.8172203046335
778,843.089839580403
779,830.438533327962
780,790.1867151763183
781,660.6158835689561
782,532.2456839471536
783,370.39880679762956
784,234.06663774653003
785,137.15075636725197
786,62.679827912206065
787,15.923742060781374
788,2.077987390632256
789,0.3795738245030878
790,0.3033472511423826
791,0.3795738245030878
792,0.2004368678307354
793,0.5831707304317483
794,3.048168994166686
795,21.475903770650813
796,94.70533606292865
797,230.1278453263507
798,412.04274720309286
799,610.6008739355459
800,689.8413437954221
801,760.5611446323749
802,741.6459284086806
803,745.9161922453311
804,721.3585061792594
805,656.1376882940215
806,533.0720204981884
807,371.6720436075441
808,232.48549917739243
809,132.42193483792292
810,59.2223193011399
811,14.987385481551438
812,2.077987390632256
813,0.12642508582781922
814,0.3033472511423826
815,0.4653730796870013
816,0.5831707304317483
817,0.8481229588815634
818,6.09023676876983
819,40.81849784365108
820,130.69911012309768
821,282.1501229777148
822,461.65675901830883
823,638.0023752012806
824,782.1405107114792
825,870.754051644201
826,915.0266930107618
827,929.612985924164
828,966.1163368766366
829,946.5219447812493
830,688.179867431363
831,509.1384484225469
832,312.7144274960092
833,184.87598447424776
834,85.53855355684463
835,23.98105998860108
836,1.2516416615064125
837,0.0895122960413956
838,0.7448705965714527
839,0.1982337339544457
840,0.2004368678307354
841,2.0489456664000945
842,9.599148355207722
843,53.4081090332425
844,155.14670925105173
845,327.06086121171245
846,508.776783479366
847,626.7918786956042
848,707.2380866355431
849,780.8685502448549
850,813.7110926400147
851,829.5534721157327
852,801.7728302961173
853,800.3625969828528
854,653.8824611578534
855,496.20715880765425
856,322.316480109209
857,178.99741229999182
858,86.13022736284661
859,28.122259022335744
860,3.8208322896244895
861,0.3706335364888219
862,0.2004368678307354
863,0.1982337339544457
864,0.2004368678307354
865,1.4016015543477303
866,11.884359695937304
867,58.62681690470312
868,164.03322786003267
869,329.11192511321286
870,502.18115316703387
871,651.288394540304
872,810.5271959864934
873,872.2017006740948
874,856.6161621929174
875,808.7191216473572
876,760.5484363535367
877,710.4332712879074
878,557.6075927559253
879,403.25767159633534
880,269.1906082868967
881,140.68459806176955
882,75.75575184445361
883,26.865231248265605
884,0.0
885,0.0
886,0.1929131407853203
887,0.1929131407853203
888,0.1929131407853203
889,0.27666344119144065
890,3.8234256323600824
891,21.117393430039883
892,51.0097614136685
893,75.02936005386722
894,105.57315139135572
895,124.74816060370654
896,152.16809831539518
897,194.23995042087492
898,231.3218847871712
899,354.2883405812735
900,483.297030602174
901,509.2602027728906
902,361.24086473088465
903,276.8728510596963
904,204.46288315092994
905,132.79769024674098
906,67.22580713567922
907,23.348576693299382
908,3.054347947197382
909,0.2289234857009831
910,0.2958235240969675
911,0.381622779280881
912,0.3795738245030878
913,0.47324250875126994
914,0.9255520688180597
915,22.035438838014596
916,66.27256664855587
917,145.22013762872646
918,227.5067155253783
919,316.29859162114826
920,361.20308914829803
921,400.42039356630875
922,448.536975745524
923,448.5641245362965
924,415.5346485388166
925,428.5328789889063
926,397.15789037784674
927,289.6023041548429
928,167.76543974795953
929,99.41170865008111
930,51.874741476239336
931,14.637179968466409
932,2.162224112535574
933,0.0
934,0.18446482011792117
935,0.27666344119144065
936,0.3795738245030878
937,0.3033472511423826
938,0.38865968398857054
939,14.078605831037413
940,46.62439009200477
941,90.80526890050574
942,143.97610617329585
943,203.75322411965544
944,232.63040465312676
945,267.3822475112596
946,284.18115866634975
947,266.254563331456
948,222.95852507481302
949,190.03342936053764
950,148.6315646692207
951,107.2081978199971
952,113.81279225287179
953,81.70117572951082
954,42.53822924680359
955,13.177187421819676
956,1.8829621582409768
957,0.21959695073626218
958,0.523014479353473
959,0.2958235240969675
960,0.3884467123696389
961,0.38254194714410666
962,0.381622779280881
963,17.585772315117584
964,58.797896018908034
965,129.6976232176301
966,215.96112885958064
967,230.61792618579952
968,306.0191478337418
969,324.8368023873988
970,357.6802614192383
971,370.55083821114374
972,407.4569724853246
973,404.5072256298038
974,398.8031379371166
975,310.6997773955213
976,236.76486204129353
977,156.22036070982952
978,94.44698094505102
979,41.653840109468845
980,8.53083065242223
981,1.417047011266505
982,0.2958235240969675
983,0.3795738245030878
984,0.3795738245030878
985,0.9243495322422687
986,2.6193658585347657
987,26.398769223297588
988,58.89161753240959
989,122.81388938512858
990,186.05426036353504
991,259.61533876541836
992,361.78325023181424
993,398.486405592556
994,408.7125934863479
995,419.8270856153448
996,351.5952183280974
997,303.9248451327836
998,222.186964318843
999,156.21475239686313
1000,122.37658380439966
1001,93.99956287054073
1002,47.76149044570601
1003,11.841777933849936
1004,0.6078074860213586
1005,0.5756470033863332
1006,0.4998283953755927
1007,0.6593973037924535
1008,0.5756470033863332
1009,0.47324250875126994
1010,2.977174735873434
1011,31.317365219530547
1012,71.70928155642011
1013,143.16440660440819
1014,217.47449865967184
1015,315.1993615327872
1016,439.065913374058
1017,502.43716999680396
1018,547.131530728466
1019,589.7222856536234
1020,515.6179632526604
1021,490.845347980877
1022,386.9234515763388
1023,307.4931640665137
1024,227.05159946791878
1025,144.4681587493739
1026,77.07543138625512
1027,33.05002443800507
1028,5.294488204469015
1029,0.6184396576528866
1030,0.3795738245030878
1031,0.3795738245030878
1032,0.3795738245030878
1033,0.3795738245030878
1034,3.848976895964426
1035,39.68423997813336
1036,103.26613272793757
1037,176.38609947989949
1038,283.0479344500552
1039,371.74218798019785
1040,453.3430575920792
1041,462.2863455341515
1042,474.2183018254812
1043,396.77142220973974
1044,390.931376369672
1045,344.8560150674506
1046,283.4900373927964
1047,170.42886335888298
1048,122.90148015499703
1049,90.75549170810841
1050,38.88833002648396
1051,13.43325660521517
1052,2.52720930819077
1053,0.1765331277225414
1054,0.1765331277225414
1055,0.2958235240969675
1056,3.715911738231314
1057,0.6055230638747718
1058,0.6277258049218739
1059,18.264123607485484
1060,57.132656425694684
1061,97.96815472627341
1062,135.88224730245065
1063,159.91921482106466
1064,250.29185535595641
1065,280.55901429008736
1066,288.2694540945005
1067,284.0039304552224
1068,271.84465588289714
1069,257.9404811011727
1070,206.47403487291788
1071,169.24970843170772
1072,138.84325905110816
1073,95.34825832028025
1074,50.13465680922507
1075,15.302151352701268
1076,3.3073719943445865
1077,0.5398647413636092
1078,0.6593973037924535
1079,0.9723875142328727
1080,0.3795738245030878
1081,0.6593973037924535
1082,2.8188976637987877
1083,27.22525594624908
1084,60.935018981418274
1085,110.49759483515345
1086,156.47068383938273
1087,264.22535134259203
1088,338.5018810257953
1089,396.0241256409255
1090,414.6798691734444
1091,409.17175978269296
1092,379.56381284768736
1093,353.6212875287299
1094,321.956539805862
1095,241.2380877424464
1096,185.41548769328654
1097,138.80447027022743
1098,72.07189385029261
1099,26.82449953771815
1100,5.210737904062895
1101,0.5422130842921813
1102,0.3795738245030878
1103,0.6067647797595935
1104,3.715911738231314
1105,0.40307534211980794
1106,3.3843736571466185
1107,21.36660422424394
1108,59.19944456260736
1109,101.11681439535722
1110,139.38287953567257
1111,181.8675750030462
1112,266.3793188986477
1113,295.80501913755876
1114,302.3213781480492
1115,340.9012352080346
1116,338.0657549820027
1117,370.3841439836456
1118,348.41039774960416
1119,320.25350484109407
1120,274.611985292314
1121,185.4367462051132
1122,107.91340449129487
1123,50.80521054339952
1124,9.608944656092401
1125,2.814133224266312
1126,0.3889003594678087
1127,0.6067647797595935
1128,0.2004368678307354
1129,0.0
1130,21.538469167582935
1131,88.56648787561451
1132,213.06866501424378
1133,393.9582017852096
1134,620.4628740588696
1135,793.3053093751029
1136,921.523375724532
1137,996.8856896164758
1138,1007.0448321887797
1139,994.3411795615722
1140,1000.6068513819451
1141,897.3400098936263
1142,751.8938641452432
1143,581.4861096356269
1144,434.64926479047324
1145,260.5719524148437
1146,133.34447111121196
1147,59.6829935278681
1148,10.981897659514834
1149,0.7208943492358771
1150,0.0
1151,0.2004368678307354
1152,0.2004368678307354
1153,1.6926823776821567
1154,25.549507195613433
1155,77.11430920846561
1156,210.9807124081359
1157,343.1203226104325
1158,502.2730458372414
1159,660.5455661037441
1160,771.8126167747344
1161,681.1383987929861
1162,642.5226247934595
1163,654.8386325799406
1164,673.2561863321167
1165,628.8062854411722
1166,529.8394145912096
1167,409.4399428069215
1168,291.4742224877344
1169,168.71059311924077
1170,99.76591166881867
1171,49.09764361893044
1172,8.953814467169222
1173,1.0482800003952801
1174,0.2004368678307354
1175,0.4276278230872412
1176,0.2004368678307354
1177,1.6435109243744004
1178,11.686250780654982
1179,44.76117557309809
1180,116.67107049933963
1181,234.42608873498148
1182,406.9661730217356
1183,573.9988416706142
1184,762.6623608438623
1185,898.7882579319067
1186,940.4207217682099
1187,966.6249672301825
1188,983.7416100762148
1189,927.7140528013686
1190,788.472243396689
1191,642.7964924709678
1192,471.1794968859015
1193,273.14550620655535
1194,142.10056977288863
1195,68.66028934074569
1196,13.868887414122964
1197,1.8793747347061274
1198,0.0
1199,0.8234245532801597
1200,1.3682002610193404
1201,2.6255080691975463
1202,21.3908717081672
1203,81.51219093729613
1204,188.07601628476993
1205,339.38512957459886
1206,514.844921451192
1207,639.5104284956816
1208,809.6302296333503
1209,927.1120564659375
1210,977.7160906911682
1211,986.046264828969
1212,974.7955591227777
1213,912.1667582995605
1214,742.0403579525492
1215,572.3434595313636
1216,433.1183095297892
1217,271.7871430279944
1218,144.203113204423
1219,71.61027795265058
1220,17.01020120140365
1221,1.4787275701865479
1222,0.0
1223,0.7205141699685126
1224,0.17608044122779537
1225,3.936593777099552
1226,28.676987154908527
1227,93.57991306348319
1228,216.7966712477434
1229,364.1063625200215
1230,534.9400994116282
1231,703.005776726539
1232,918.5274601647177
1233,943.402353532165
1234,882.0018834189491
1235,822.9429263220024
1236,734.5980159089639
1237,708.110120076324
1238,568.19311189069
1239,449.5176910380855
1240,301.564317313635
1241,178.62374948125887
1242,102.48051308716136
1243,51.436334534894115
1244,11.863463473206942
1245,1.349693089286704
1246,0.7205141699685126
1247,0.17608044122779537
1248,0.17608044122779537
1249,1.7236214978899933
1250,11.639794271693837
1251,44.99660019199427
1252,92.36689270027207
1253,140.0715927659699
1254,186.9903029733876
1255,285.1372248366932
1256,377.88762112128273
1257,475.3782710924748
1258,704.36451741262
1259,850.5301512963397
1260,836.9947489897675
1261,810.3824119108675
1262,693.3315396583226
1263,558.0867872188226
1264,403.16245532456827
1265,251.6459405631806
1266,136.5282646483781
1267,60.86845818575533
1268,12.825354046590558
1269,0.25776509516462714
1270,0.0
1271,0.0
1272,0.14299726538724747
1273,0.2056008405810645
1274,3.2653028717088466
1275,17.151903919325182
1276,52.48475882218737
1277,89.05190866439038
1278,128.2694897562427
1279,179.61782238692123
1280,243.75133928380214
1281,291.35464791334726
1282,312.5976167926449
1283,435.59494833404784
1284,464.1398159270528
1285,546.5915042354061
1286,478.213956080477
1287,356.39995635919314
1288,297.26222411874573
1289,185.39701791125316
1290,110.04829646367986
1291,50.002864541036
1292,10.578467893159743
1293,1.1872230215935158
1294,0.8804262129199809
1295,0.7204062589144405
1296,0.2999218510893707
1297,2.0253125651758777
1298,16.429811575532742
1299,72.13296239571326
1300,193.10173577893895
1301,349.1398250497881
1302,551.8092486868909
1303,679.4417612686342
1304,824.8225657283924
1305,875.3476061682452
1306,888.4198793891751
1307,887.3590622341592
1308,763.6824769372738
1309,675.0800179425652
1310,541.9335213271619
1311,456.87465878688084
1312,327.64607997027
1313,200.15645421136807
1314,103.24492391428757
1315,51.18460171666718
1316,9.93607265437869
1317,1.0239235737923402
1318,0.17608044122779537
1319,0.17608044122779537
1320,0.17608044122779537
1321,3.3921600483588352
1322,26.39976724758097
1323,78.17254826651399
1324,199.79617855298815
1325,341.5984436415643
1326,505.48743301807366
1327,669.1140898850053
1328,831.751734839199
1329,946.7486246881916
1330,968.5535426216836
1331,954.6317785112739
1332,926.1649475720532
1333,757.7246364800982
1334,597.9786495601516
1335,412.27691251378764
1336,301.64564762330394
1337,185.822616849
1338,102.25038240967922
1339,46.15812873149737
1340,9.867236871472457
1341,1.016399846746925
1342,0.16855671418238027
1343,0.16855671418238027
1344,0.16855671418238027
1345,0.9401517115224384
1346,16.578507015674024
1347,61.01041975663186
1348,112.56520502567976
1349,153.08628129727097
1350,222.32924864045668
1351,324.0544131888454
1352,402.929923730754
1353,461.95313621480307
1354,477.50580201857315
1355,474.2963423688826
1356,443.14672210016676
1357,395.6457904304162
1358,374.5316022678106
1359,270.3148597261585
1360,162.57037384569085
1361,101.91885840313725
1362,50.63585283812851
1363,21.072424530790865
1364,2.6891587048188925
1365,0.0
1366,0.024487946351095594
1367,0.00013151974815557577
1368,0.016511532810934537
1369,1.9712050370603844
1370,10.8800515305911
1371,23.646941626460443
1372,47.17424691971702
1373,76.68009367730735
1374,119.39544161646229
1375,161.51183102605233
1376,149.04975127398174
1377,166.94190254554874
1378,218.32782009269104
1379,284.26468075317115
1380,231.45777538361546
1381,211.4326595915746
1382,221.23237466631116
1383,199.71739588175345
1384,137.69164903609877
1385,95.30740884240677
1386,51.037973843550226
1387,18.755968996771184
1388,1.7146892914877092
1389,0.6446135590127218
1390,0.6446135590127218
1391,0.3160349509381267
1392,0.3033472511423826
1393,2.0519963751268193
1394,14.11637489873607
1395,50.24829206091886
1396,132.82352941044329
1397,275.4785391841884
1398,430.24045470361557
1399,578.2683543522475
1400,742.3056833473669
1401,833.3628850091856
1402,846.097947141323
1403,842.7075344381193
1404,751.532984926465
1405,654.2463469424289
1406,485.1371206975422
1407,334.892223280468
1408,241.44291282673166
1409,151.68959243433608
1410,93.33956265519225
1411,42.25656839122057
1412,8.910716896894284
1413,1.4002143117089803
1414,0.2789908245394426
1415,0.3033472511423826
1416,0.3033472511423826
1417,0.8481229588815634
1418,8.06212136151488
1419,33.614440104986215
1420,87.86319868944797
1421,138.74704168347137
1422,196.1861005796186
1423,337.61543477755515
1424,521.5689362159079
1425,689.7634687286352
1426,703.1853753320931
1427,667.4114198453809
1428,573.7313508963629
1429,458.47181815597855
1430,386.1847099557791
1431,299.4189172004829
1432,215.28319083820696
1433,125.98585286841991
1434,76.66752669515402
1435,43.13589490010362
1436,9.756663702319603
1437,0.0064544820457116195
1438,0.3795738245030878
1439,0.27666344119144065
1440,0.19179129275091122
1441,0.19179129275091122
1442,0.2095558909247617
1443,4.828394298957097
1444,24.58021673383263
1445,55.25144168413042
1446,118.95342049794866
1447,217.12714846238586
1448,380.11607520177324
1449,456.04389766546535
1450,525.02092267688
1451,576.1406375523675
1452,530.3878179600456
1453,402.41911424028973
1454,366.6848957633931
1455,288.5849246502518
1456,213.66220165184353
1457,143.509914033829
1458,64.28134741776229
1459,23.692162596780996
1460,5.005534959510286
1461,1.8767078819247116
1462,2.026109453792204
1463,2.060341926047977
1464,0.11573448269275402
1465,0.11573448269275402
1466,0.11573448269275402
1467,11.646981845879404
1468,47.114475552793365
1469,99.24122711710369
1470,203.21856401284933
1471,350.9239007530658
1472,504.7093969076108
1473,588.7555988824595
1474,622.9506703432062
1475,674.7904315580513
1476,671.0552555785025
1477,595.9465858960897
1478,497.4907110809252
1479,380.48075648055027
1480,290.2009104021868
1481,181.98794748240485
1482,88.99351381980685
1483,43.08385373504318
1484,6.796591022371201
1485,1.129407329430405
1486,0.0
1487,0.11573448269275402
1488,0.3283261968442483
1489,0.2095558909247617
1490,4.230413456894829
1491,17.591118290706266
1492,48.756802451186715
1493,121.47971538097484
1494,237.25941686912688
1495,394.45450297595073
1496,564.5147742698604
1497,705.9032295329908
1498,749.2513758276127
1499,760.4541093087411
1500,716.3878043910273
1501,623.1194824401773
1502,458.25969549807087
1503,383.5691487699575
1504,273.3537629400538
1505,139.27788215699013
1506,67.61430719422872
1507,23.693695065580776
1508,4.006972765065003
1509,1.1622830709132987
1510,0.10295933474880198
1511,0.25226938678609107
1512,0.11573448269275402
1513,0.11573448269275402
1514,3.056430449310339
1515,18.898354768691934
1516,62.289363222943535
1517,138.56110425301657
1518,275.49343895565306
1519,425.4057406607645
1520,540.471528666223
1521,543.8978716086685
1522,546.8885375269824
1523,561.5795560423002
1524,618.7522793978549
1525,608.3283937026526
1526,480.66249320290814
1527,388.14499115311213
1528,252.93597387440715
1529,152.63401053112935
1530,83.75739096009416
1531,43.220388639136516
1532,8.347532625566785
1533,1.265942233523742
1534,0.24217500677446657
1535,0.25226938678609107
1536,0.15333959481079268
1537,0.15333959481079268
1538,5.889795422496634
1539,26.4950737244741
1540,61.434924383552705
1541,145.7082308963408
1542,253.5147443097029
1543,390.08159582984985
1544,566.5624486421942
1545,669.4425275382658
1546,700.636135396133
1547,770.1636562579206
1548,746.5232134084109
1549,723.5966291182231
1550,617.842941713357
1551,496.1089813175539
1552,349.4785372432645
1553,233.03449244960842
1554,129.222120187243
1555,57.45700071003871
1556,14.23025014941991
1557,4.387230566210649
1558,1.0257481668199617
1559,0.11573448269275402
1560,0.11573448269275402
1561,0.11573448269275402
1562,4.294868139410828
1563,30.039935405411356
1564,89.4393983846023
1565,189.30729949597364
1566,332.7501131172038
1567,485.9549539129603
1568,524.786062539869
1569,553.1975772470171
1570,586.4747128631424
1571,623.8326387709734
1572,648.2079350340936
1573,680.2298889515425
1574,562.5589625114425
1575,460.7609303610619
1576,331.6670449858335
1577,217.3772696962564
1578,134.0386513950863
1579,58.07192825513611
1580,16.104159029778096
1581,4.387230566210649
1582,1.0257481668199617
1583,0.11573448269275402
1584,0.11573448269275402
1585,0.11573448269275402
1586,5.270694388321963
1587,39.27052956622897
1588,99.15005541873222
1589,196.28511792128057
1590,342.3988946383641
1591,500.0636585679282
1592,600.4124696825567
1593,678.0676205432039
1594,633.027721448001
1595,684.9415939754043
1596,671.644811525457
1597,634.3314348601142
1598,538.6627961612135
1599,396.1473131228986
1600,293.84989806248143
1601,186.10906626193167
1602,122.92985464937149
1603,58.23074688665323
1604,16.045389363470818
1605,5.082780539630619
1606,1.5861545209033492
1607,0.4138771652872276
1608,0.10545355916033386
1609,0.10545355916033386
1610,2.60690436343279
1611,16.191148557447107
1612,30.029029147459156
1613,61.21602872725493
1614,82.90514634052548
1615,115.26056452545428
1616,152.89667560179552
1617,191.28833728158685
1618,248.443456870734
1619,299.6269106501764
1620,375.19940169624124
1621,414.7223059564245
1622,417.35378456247264
1623,340.7466033873155
1624,241.82079183132518
1625,177.8870844933342
1626,116.94456036718202
1627,60.80431564819489
1628,21.802013613649528
1629,5.054023702285142
1630,1.8652607558851988
1631,2.050061002515557
1632,2.060341926047977
1633,1.9415716201284907
1634,8.148618506884018
1635,26.601700800460684
1636,51.184271276056975
1637,107.57994418519648
1638,194.64928223644364
1639,347.9456386229243
1640,458.99421493063767
1641,563.2403570136217
1642,548.1631371400092
1643,559.7948173092016
1644,486.220375557134
1645,534.6631724556844
1646,364.5730293701715
1647,190.68672530741577
1648,140.7952349834246
1649,104.89476520354306
1650,64.13460113443695
1651,27.059406940337684
1652,5.879782195821877
1653,1.3309507558207672
1654,0.5161795971247918
1655,0.2419884632536709
1656,0.25226938678609107
1657,0.21803691453031804
1658,3.158732881147903
1659,15.32163471569273
1660,33.78650411137605
1661,80.32059748178531
1662,124.66036046974064
1663,140.26917627688485
1664,182.28215257392227
1665,228.63960194855338
1666,265.24174037191415
1667,245.09671535153495
1668,223.74902366812057
1669,198.6689110723952
1670,170.86803666879817
1671,162.00105238169758
1672,120.89726011705142
1673,88.82494899012949
1674,58.116363875589684
1675,22.131116160831667
1676,4.455846202347648
1677,1.4553306563461923
1678,0.24217500677446657
1679,0.25226938678609107
1680,0.25226938678609107
1681,0.25226938678609107
1682,0.8035956927717409
1683,14.205491460428952
1684,38.65771382981593
1685,90.17650939957522
1686,180.74347437300293
1687,207.46009908990655
1688,226.08050111529332
1689,293.95853784160147
1690,252.0913658108
1691,235.79951267706477
1692,261.16642218758335
1693,350.852497665279
1694,340.9338081494971
1695,313.71330076987175
1696,257.45955418611237
1697,177.2625000067784
1698,108.60992315157598
1699,59.811152715811005
1700,20.463663724605446
1701,5.081591769568443
1702,1.952764691982869
1703,2.1363987361061345
1704,0.25226938678609107
1705,0.8209653796528283
1706,6.435324901566644
1707,27.146329937853224
1708,52.9122910432212
1709,99.72014464913048
1710,153.1939701739613
1711,223.913999844126
1712,334.8341661084266
1713,413.17172626783895
1714,460.7630580241572
1715,476.3949190392982
1716,479.55553102409965
1717,504.3255792905244
1718,356.8061216483697
1719,289.8340718307633
1720,197.27173392067624
1721,132.58634193334504
1722,84.14124581749076
1723,46.00065541126818
1724,8.973428663135108
1725,1.7675206510315775
1726,1.0424313202311744
1727,0.25226938678609107
1728,0.25226938678609107
1729,0.2951065249377234
1730,5.746984120217593
1731,25.381330687732916
1732,48.99746577606182
1733,97.75741448165454
1734,143.1589007226656
1735,240.13259740385448
1736,359.9327501268502
1737,361.94405609115694
1738,349.4533228479707
1739,336.3024657636966
1740,350.7432254116522
1741,343.98480619493876
1742,289.70955870916987
1743,281.0553386629044
1744,206.5207422118737
1745,150.97911868930157
1746,103.81711877761013
1747,43.41397288808734
1748,5.353250811239962
1749,2.0260179339620006
1750,1.1861688536267787
1751,0.25226938678609107
1752,0.25226938678609107
1753,0.25226938678609107
1754,5.300574668296417
1755,32.88491773522848
1756,77.67647374575184
1757,127.32962901776096
1758,196.00979052986054
1759,322.86415837523697
1760,400.1730682500229
1761,443.2331957769925
1762,445.32479110548735
1763,453.29104276892275
1764,395.976939060396
1765,264.4968024614785
1766,209.31987471615764
1767,196.48025726689448
1768,139.77067755662682
1769,97.63505882124912
1770,64.52340115228765
1771,27.112582282091648
1772,5.213614677854851
1773,1.9815045381738075
1774,1.1519363813710057
1775,0.21803691453031804
1776,0.25226938678609107
1777,0.25226938678609107
1778,2.3533054613668143
1779,18.640950007585293
1780,45.79604782758967
1781,72.63620782512002
1782,108.92387079125508
1783,150.48076057493677
1784,189.91797568509895
1785,239.59462661525728
1786,258.3130257986771
1787,262.9642140258583
1788,260.99277489893234
1789,255.87717501083483
1790,251.91540995631684
1791,227.88038945744722
1792,184.0405382097568
1793,123.37189159750265
1794,75.18590083319984
1795,31.93663893563736
1796,6.765080430946602
1797,2.0260179339620006
1798,1.1861688536267787
1799,0.25226938678609107
1800,0.25226938678609107
1801,0.25226938678609107
1802,4.73187867542968
1803,23.593798397558142
1804,48.84379800267071
1805,80.56064688282773
1806,118.91391384745725
1807,154.6183690908547
1808,224.1079815756371
1809,290.269553041874
1810,320.81722191213714
1811,287.78166298364863
1812,318.19272932075603
1813,315.81225726599774
1814,326.2090061930517
1815,312.0218428949821
1816,232.2193298512529
1817,172.61155346934876
1818,95.56053096487642
1819,45.451154288491225
1820,7.640782006625631
1821,2.0260179339620006
1822,1.1861688536267787
1823,0.25226938678609107
1824,0.25226938678609107
1825,0.08374226938410391
1826,1.2089520950536898
1827,16.860286886818148
1828,37.48639539277705
1829,78.03307222998383
1830,109.80591740297092
1831,148.88094023637908
1832,193.17897922852725
1833,258.44506603818496
1834,279.29077486415866
1835,256.50153463623036
1836,294.14254827714376
1837,312.0127734429382
1838,289.3007165766588
1839,301.6642477343389
1840,251.5997521001466
1841,169.73700894674988
1842,119.29465337858278
1843,57.59059269403116
1844,16.32395345292363
1845,4.697765156162245
1846,1.306020604308903
1847,0.41138294087569577
1848,0.16403821982142605
1849,0.04526791390193949
1850,11.300621958269334
1851,52.32928802407553
1852,120.71591739894396
1853,224.91325060324843
1854,408.42851977864746
1855,594.9628389045133
1856,729.152700034791
1857,825.4329023119528
1858,869.6238933832796
1859,862.4493675959983
1860,883.106253408939
1861,842.5137040927004
1862,713.9653329451277
1863,597.114628508437
1864,432.79071346748646
1865,290.0254366650021
1866,166.80040125599584
1867,73.8842118019258
1868,27.13942667966042
1869,3.7822066940070007
1870,0.5587200518145985
1871,0.0
1872,0.11573448269275402
1873,0.667060788678404
1874,12.540215796471996
1875,41.8014904173354
1876,97.73908158617644
1877,199.28308838675622
1878,371.0435252420533
1879,495.9463954233885
1880,581.7789927026805
1881,566.360766251241
1882,581.8878263597377
1883,510.31372050958
1884,419.7328067398705
1885,391.33535776695163
1886,359.74761588869256
1887,333.7229135349784
1888,240.8775024090548
1889,156.81413881008896
1890,110.247056641715
1891,56.04539115014546
1892,17.29970354337878
1893,4.1799514996713505
1894,1.0868270518925858
1895,2.4454464961192066
1896,0.0
1897,0.5463328582095347
1898,8.204367450902293
1899,29.978227261325763
1900,83.23135516729056
1901,183.44687572366095
1902,335.3312786395033
1903,468.7764037714022
1904,582.4025020702213
1905,708.0733069431019
1906,782.7024588386546
1907,812.7309318261914
1908,827.8739411924736
1909,747.0591813907753
1910,634.6947286694723
1911,520.0449073693856
1912,380.13023637801695
1913,261.7583568034996
1914,149.54661038014606
1915,70.29754903887817
1916,27.27596158375376
1917,4.126505028504902
1918,0.6070237889432704
1919,0.10295933474880198
1920,0.25226938678609107
1921,1.333064219419768
1922,11.195652033949122
1923,49.775792862854445
1924,112.37317082881707
1925,211.52235336291508
1926,373.6113077966416
1927,532.9423513098909
1928,648.4299094890097
1929,753.8388812848099
1930,830.1304666656579
1931,845.4628744327171
1932,842.6202989314553
1933,799.4339912090405
1934,715.9299720748992
1935,582.0831662023771
1936,439.8719485022021
1937,283.4794930162309
1938,148.3991835981418
1939,76.12020066901427
1940,28.836821987772208
1941,3.989970124411565
1942,0.47048888484993323
1943,0.0
1944,0.027503315728089017
1945,0.578829621713739
1946,13.312950282016565
1947,48.92106511955605
1948,106.06024986732645
1949,209.67798176917373
1950,342.36741634561315
1951,542.6653360870723
1952,629.465842966266
1953,679.4907989004454
1954,684.4112160622493
1955,694.191626072935
1956,656.6891131300231
1957,626.1219601087496
1958,452.3103975764696
1959,423.19602226907926
1960,305.6010550742722
1961,188.1963478421906
1962,113.14347879797259
1963,49.85547243704642
1964,11.561161379807926
1965,3.1563238731012535
1966,0.0
1967,0.0
1968,0.0
1969,0.15935487793408698
1970,6.199385836550995
1971,23.323678042698578
1972,47.50269432012674
1973,73.27973613664548
1974,123.58460794906551
1975,171.9073750379426
1976,275.50287487562775
1977,421.76175736719705
1978,528.8222194911916
1979,640.1654360483832
1980,642.4265699812162
1981,615.5486478208912
1982,614.3064825090568
1983,463.46392984323205
1984,366.0461553207564
1985,270.27686964614355
1986,141.17243812113227
1987,65.2049366782515
1988,22.799132070789344
1989,3.8074188290161435
1990,0.2115005938869716
1991,0.0
1992,0.0
1993,1.9067923119528536
1994,10.818638956519912
1995,36.22361821291723
1996,63.77545530315621
1997,90.89563061405401
1998,123.41951001472647
1999,137.8034002288497
2000,173.7663821784613
2001,217.23177406718406
2002,286.60469628376427
2003,315.9955012221121
2004,418.4428662417877
2005,452.8428913266461
2006,483.04330411436234
2007,430.81973329606313
2008,292.5933654858914
2009,204.56581815359957
2010,128.83435763335055
2011,51.427835249853224
2012,14.611141044261558
2013,4.392756616302695
2014,1.3030157828801623
2015,0.5178831805867864
2016,0.09511295226447272
2017,0.49299404007658804
2018,9.147592277907869
2019,35.44742497370913
2020,85.57369955528999
2021,195.47875775880127
2022,366.7936035368107
2023,533.2021686639188
2024,652.8064866534755
2025,736.1779307603558
2026,800.8055947795392
2027,762.4206253566354
2028,662.4975566847252
2029,638.5920250602322
2030,586.020589211753
2031,450.28413783354114
2032,329.76911511510855
2033,224.5702232194726
2034,133.07850394352087
2035,64.68438389306138
2036,20.004899282800555
2037,3.4811129894413773
2038,0.08067964945437944
2039,0.0
2040,0.0
2041,0.0
2042,8.23076676282264
2043,39.16595061948396
2044,96.7156564893315
2045,188.3350285411614
2046,341.015376604857
2047,528.8630891673401
2048,677.6892497062254
2049,764.9733781315573
2050,827.1332782994906
2051,859.9455225210762
2052,819.6319395196838
2053,725.686485480849
2054,567.7587806997196
2055,431.7926349472579
2056,319.1687182872781
2057,208.52231355847385
2058,129.86672536844105
2059,54.76029226757204
2060,17.083293078684616
2061,3.9032628017098325
2062,0.06993898409418078
2063,0.0
2064,0.0
2065,0.0
2066,8.866845662740323
2067,32.46616528220627
2068,75.21573542538813
2069,124.11212442184544
2070,154.62306319658836
2071,201.47860418908846
2072,283.70992600247945
2073,308.26438422472415
2074,324.78894531604885
2075,322.6038385975655
2076,301.78922652284405
2077,293.5016676748284
2078,262.2859490138825
2079,221.90048165794744
2080,172.37289053550256
2081,112.85168820887166
2082,76.32334623262416
2083,31.902744035101883
2084,5.479332196871252
2085,0.0
2086,0.0
2087,0.0
2088,0.0
2089,0.0
2090,2.8643379042375785
2091,13.248203566406993
2092,26.429915796727464
2093,43.59191455994145
2094,81.75060027606955
2095,108.19075359923134
2096,129.2550752387179
2097,144.33895876161478
2098,160.17856968623275
2099,150.52033297057963
2100,181.4569094581508
2101,173.74920527860627
2102,167.13777505879955
2103,177.50008640540182
2104,138.93121828975455
2105,103.36049350215444
2106,68.21111628416749
2107,34.05878215633776
2108,7.6792540765670125
2109,1.9746080924025113
2110,1.1312168096836464
2111,0.1630848705871859
2112,0.0
2113,0.0
2114,6.436735218293239
2115,36.55627070731362
2116,87.02177648321762
2117,184.5920935600011
2118,310.2571643279855
2119,465.9957334532562
2120,654.9963711525188
2121,704.8235772003636
2122,706.4937693640879
2123,702.7591765203794
2124,730.9080295275866
2125,662.7035434690242
2126,514.9999156386748
2127,400.7812407290472
2128,267.7911649585764
2129,170.84024905743746
2130,104.11245964749668
2131,46.22525181324298
2132,8.136580884221754
2133,1.6000191839631934
2134,0.0
2135,0.0
2136,0.0
2137,0.0
2138,5.171144052494799
2139,28.812545814408193
2140,48.34327886467552
2141,89.18541587097461
2142,138.68647231157607
2143,217.16760107321403
2144,363.2127476487561
2145,472.1537860403101
2146,522.4717770963738
2147,361.2916751992881
2148,368.7697549879737
2149,365.973760270216
2150,289.6296604518999
2151,237.37012106641632
2152,175.74351261563316
2153,115.66866400046405
2154,72.12369687415939
2155,30.585224659332887
2156,6.8293556901587875
2157,1.5199962010708052
2158,0.0
2159,0.0
